index,0,-1,-2,-3,-4,-5,-6,-7,-8,-9,-10,-11,-12,-13,-14,-15,-16,-17,-18,-19,-20,-21,-22,-23,-24,-25,-26,-27,-28,-29,-30,-31,-32,-33,-34,-35,-36,-37,-38,-39,-40,-41,-42,-43,-44,-45,-46,-47,-48,-49,-50
100.0,-54.25906,-53.29755,-52.34583,-51.394207,-50.442596,-49.500793,-48.54918,-47.607376,-46.66556,-45.723755,-44.79175,-43.85976,-42.927765,-41.995766,-41.073578,-40.15139,-39.239098,-38.326714,-37.41433,-36.511753,-35.618988,-34.726223,-33.843258,-32.960297,-32.08715,-31.22381,-30.360468,-29.516735,-28.682814,-27.848894,-27.034588,-26.230074,-25.445187,-24.6701,-23.91464,-23.178709,-22.462378,-21.765665,-21.098383,-100.0,-100.0,-100.0,-100.0,-100.0,-100.0,-100.0,-100.0,-100.0,-100.0,-100.0,-100.0
99.0,-54.072716,-53.121014,-52.159485,-51.207863,-50.246445,-49.294834,-48.353027,-47.401417,-46.459602,-45.507988,-44.566177,-43.634186,-42.692383,-41.760384,-40.838196,-39.9062,-38.9841,-38.071716,-37.159332,-36.24695,-35.344376,-34.441803,-33.54903,-32.65626,-31.783115,-30.909967,-30.036818,-29.183277,-28.339548,-27.495821,-26.671707,-25.857386,-25.052883,-24.267988,-23.502722,-22.747175,-22.021036,-21.304708,-20.627619,-100.0,-100.0,-100.0,-100.0,-100.0,-100.0,-100.0,-100.0,-100.0,-100.0,-100.0,-100.0
98.0,-53.89618,-52.93467,-51.97314,-51.01171,-50.0601,-49.098682,-48.147068,-47.195457,-46.243835,-45.29222,-44.35041,-43.40861,-42.46681,-41.525,-40.593006,-39.66101,-38.73891,-37.80691,-36.894527,-35.972336,-35.059956,-34.157383,-33.254803,-32.362034,-31.469273,-30.586317,-29.713167,-28.840012,-27.986475,-27.142748,-26.299019,-25.47489,-24.66058,-23.865877,-23.080996,-22.315641,-21.569887,-20.843752,-20.13724,-100.0,-100.0,-100.0,-100.0,-100.0,-100.0,-100.0,-100.0,-100.0,-100.0,-100.0,-100.0
97.0,-53.709835,-52.748325,-51.786797,-50.81556,-49.85414,-48.90253,-47.94111,-46.9895,-46.02807,-45.076454,-44.124836,-43.183037,-42.231426,-41.28962,-40.347816,-39.41582,-38.483913,-37.551914,-36.619915,-35.697723,-34.785343,-33.863155,-32.960575,-32.058,-31.15543,-30.262667,-29.37971,-28.506554,-27.633402,-26.77006,-25.92633,-25.082586,-24.258469,-23.453959,-22.649462,-21.8743,-21.10893,-20.36318,-19.729416,-100.0,-100.0,-100.0,-100.0,-100.0,-100.0,-100.0,-100.0,-100.0,-100.0,-100.0,-100.0
96.0,-53.5333,-52.56198,-51.590645,-50.629215,-49.65799,-48.69657,-47.73515,-46.77373,-45.82211,-44.860687,-43.90907,-42.957462,-42.00585,-41.054237,-40.112434,-39.160824,-38.228916,-37.28711,-36.35511,-35.42311,-34.500923,-33.578735,-32.65654,-31.744156,-30.841587,-29.939016,-29.046251,-28.15348,-27.280329,-26.407179,-25.543835,-24.690283,-23.856358,-23.022425,-22.217928,-21.413343,-20.638166,-19.882608,-100.0,-100.0,-100.0,-100.0,-100.0,-100.0,-100.0,-100.0,-100.0,-100.0,-100.0,-100.0,-100.0
95.0,-53.346954,-52.375637,-51.4043,-50.433064,-49.461838,-48.50042,-47.52919,-46.567772,-45.606342,-44.64492,-43.683495,-42.72208,-41.77047,-40.818855,-39.867245,-38.915634,-37.96411,-37.022305,-36.080498,-35.1485,-34.216503,-33.284508,-32.352505,-31.44012,-30.517937,-29.605558,-28.702986,-27.810215,-26.917448,-26.03449,-25.161339,-24.288172,-23.434631,-22.600698,-21.766779,-20.952387,-20.157595,-19.382421,-100.0,-100.0,-100.0,-100.0,-100.0,-100.0,-100.0,-100.0,-100.0,-100.0,-100.0,-100.0,-100.0
94.0,-53.16061,-52.189293,-51.20815,-50.23691,-49.265686,-48.29446,-47.32323,-46.352005,-45.390575,-44.419346,-43.45792,-42.496506,-41.535088,-40.573666,-39.612247,-38.660637,-37.709114,-36.7575,-35.805885,-34.86408,-33.922276,-32.99028,-32.04847,-31.126278,-30.194286,-29.2721,-28.35972,-27.447334,-26.54476,-25.651995,-24.769035,-23.88606,-23.012905,-22.159357,-21.31563,-20.481623,-19.667215,-18.870687,-100.0,-100.0,-100.0,-100.0,-100.0,-100.0,-100.0,-100.0,-100.0,-100.0,-100.0,-100.0,-100.0
93.0,-52.974266,-51.99314,-51.021805,-50.04076,-49.069534,-48.0885,-47.11727,-46.146046,-45.17481,-44.20358,-43.232346,-42.261124,-41.299706,-40.328476,-39.367058,-38.40564,-37.44431,-36.492695,-35.531273,-34.57966,-33.637856,-32.686245,-31.744436,-30.802628,-29.870636,-28.938643,-28.016455,-27.094261,-26.172071,-25.269499,-24.366924,-23.474142,-22.591179,-21.708208,-20.844866,-20.00105,-19.15722,-100.0,-100.0,-100.0,-100.0,-100.0,-100.0,-100.0,-100.0,-100.0,-100.0,-100.0,-100.0,-100.0,-100.0
92.0,-52.78792,-51.806797,-50.825653,-49.84461,-48.863575,-47.88254,-46.911312,-45.93028,-44.949234,-43.978004,-43.00677,-42.02574,-41.054516,-40.083286,-39.12187,-38.150642,-37.179504,-36.218082,-35.25666,-34.29524,-33.343628,-32.38221,-31.430593,-30.488785,-29.537178,-28.595377,-27.663382,-26.73138,-25.799383,-24.877195,-23.955006,-23.052416,-22.149837,-21.25706,-20.374102,-19.500864,-18.637419,-100.0,-100.0,-100.0,-100.0,-100.0,-100.0,-100.0,-100.0,-100.0,-100.0,-100.0,-100.0,-100.0,-100.0
91.0,-52.601578,-51.620453,-50.6295,-49.648457,-48.667423,-47.676582,-46.695545,-45.71451,-44.733467,-43.75243,-42.77139,-41.800167,-40.819134,-39.838097,-38.86687,-37.895645,-36.9147,-35.953278,-34.982048,-34.01082,-33.0494,-32.078175,-31.11675,-30.165134,-29.20372,-28.252111,-27.3005,-26.358692,-25.416887,-24.475084,-23.543087,-22.620882,-21.698689,-20.786295,-19.883722,-18.99087,-18.10781,-100.0,-100.0,-100.0,-100.0,-100.0,-100.0,-100.0,-100.0,-100.0,-100.0,-100.0,-100.0,-100.0,-100.0
90.0,-52.415234,-51.4243,-50.443157,-49.452305,-48.461464,-47.470623,-46.489586,-45.498745,-44.5177,-43.526855,-42.545815,-41.564785,-40.573944,-39.592907,-38.611874,-37.63084,-36.649895,-35.678665,-34.697628,-33.7264,-32.745365,-31.77414,-30.802908,-29.831676,-28.870262,-27.899038,-26.93762,-25.986004,-25.024584,-24.072973,-23.12136,-22.17954,-21.24754,-20.31553,-19.383535,-18.471067,-17.701159,-100.0,-100.0,-100.0,-100.0,-100.0,-100.0,-100.0,-100.0,-100.0,-100.0,-100.0,-100.0,-100.0,-100.0
89.0,-52.22889,-51.237957,-50.247005,-49.256153,-48.255505,-47.264664,-46.27382,-45.282978,-44.292126,-43.30128,-42.310432,-41.319595,-40.338562,-39.347717,-38.356876,-37.366035,-36.38509,-35.394245,-34.413208,-33.43217,-32.451138,-31.460297,-30.479258,-29.508026,-28.526997,-27.545965,-26.57474,-25.603508,-24.63228,-23.661055,-22.699635,-21.7382,-20.776775,-19.825151,-18.87354,-17.93165,-100.0,-100.0,-100.0,-100.0,-100.0,-100.0,-100.0,-100.0,-100.0,-100.0,-100.0,-100.0,-100.0,-100.0,-100.0
88.0,-52.042545,-51.041805,-50.050854,-49.050194,-48.059353,-47.058704,-46.06786,-45.06721,-44.07636,-43.075706,-42.084858,-41.084213,-40.093372,-39.09272,-38.10188,-37.11104,-36.110477,-35.119633,-34.128788,-33.137943,-32.147102,-31.146454,-30.155607,-29.174568,-28.183731,-27.192892,-26.202051,-25.211205,-24.23017,-23.249136,-22.258293,-21.277243,-20.296204,-19.324965,-18.343931,-17.372618,-100.0,-100.0,-100.0,-100.0,-100.0,-100.0,-100.0,-100.0,-100.0,-100.0,-100.0,-100.0,-100.0,-100.0,-100.0
87.0,-51.8562,-50.85546,-49.854702,-48.854042,-47.853394,-46.852745,-45.852093,-44.851444,-43.850784,-42.850132,-41.849476,-40.84883,-39.848183,-38.84753,-37.84688,-36.846233,-35.845673,-34.835213,-33.83456,-32.833908,-31.833261,-30.832611,-29.831957,-28.831303,-27.830658,-26.830011,-25.829363,-24.818901,-23.81825,-22.817602,-21.816952,-20.816286,-19.805824,-18.805162,-17.804514,-16.817276,-100.0,-100.0,-100.0,-100.0,-100.0,-100.0,-100.0,-100.0,-100.0,-100.0,-100.0,-100.0,-100.0,-100.0,-100.0
86.0,-51.66005,-50.65931,-49.65855,-48.648083,-47.647434,-46.63698,-45.636326,-44.62587,-43.62521,-42.61475,-41.614094,-40.60364,-39.602993,-38.592533,-37.582077,-36.57162,-35.57106,-34.5606,-33.55014,-32.53968,-31.529226,-30.518768,-29.498499,-28.488037,-27.477585,-26.457323,-25.446867,-24.426598,-23.406332,-22.386068,-21.365803,-20.335714,-19.305637,-18.275553,-17.245481,-100.0,-100.0,-100.0,-100.0,-100.0,-100.0,-100.0,-100.0,-100.0,-100.0,-100.0,-100.0,-100.0,-100.0,-100.0,-100.0
85.0,-51.473705,-50.463158,-49.45259,-48.45193,-47.441475,-46.43102,-45.42056,-44.410103,-43.399635,-42.389175,-41.37871,-40.35845,-39.347996,-38.337536,-37.317272,-36.306816,-35.28664,-34.27618,-33.255913,-32.235645,-31.215384,-30.195118,-29.165041,-28.144772,-27.114704,-26.084635,-25.054564,-24.024487,-22.984606,-21.944727,-20.895039,-19.845335,-18.795643,-17.736135,-16.666834,-100.0,-100.0,-100.0,-100.0,-100.0,-100.0,-100.0,-100.0,-100.0,-100.0,-100.0,-100.0,-100.0,-100.0,-100.0,-100.0
84.0,-51.28736,-50.267006,-49.25644,-48.24597,-47.235516,-46.215252,-45.204792,-44.18453,-43.17406,-42.153793,-41.133522,-40.12307,-39.102806,-38.08254,-37.062275,-36.032204,-35.012028,-33.981953,-32.961685,-31.931612,-30.90154,-29.86166,-28.831583,-27.791698,-26.751823,-25.711946,-24.66226,-23.612568,-22.553072,-21.493578,-20.424274,-19.345148,-18.266033,-17.167295,-16.068571,-100.0,-100.0,-100.0,-100.0,-100.0,-100.0,-100.0,-100.0,-100.0,-100.0,-100.0,-100.0,-100.0,-100.0,-100.0,-100.0
83.0,-51.09121,-50.070854,-49.060287,-48.040012,-47.01975,-46.009293,-44.989025,-43.96876,-42.948486,-41.91841,-40.89814,-39.87788,-38.84781,-37.817734,-36.787663,-35.75759,-34.727608,-33.697533,-32.65765,-31.61777,-30.57789,-29.53801,-28.488317,-27.438625,-26.379135,-25.319643,-24.260149,-23.190842,-22.11173,-21.032621,-19.933895,-18.835154,-17.716808,-16.588648,-100.0,-100.0,-100.0,-100.0,-100.0,-100.0,-100.0,-100.0,-100.0,-100.0,-100.0,-100.0,-100.0,-100.0,-100.0,-100.0,-100.0
82.0,-50.895058,-49.874702,-48.85433,-47.834053,-46.81379,-45.793526,-44.76345,-43.743187,-42.713104,-41.68303,-40.662758,-39.622883,-38.59281,-37.562737,-36.522858,-35.48298,-34.443188,-33.403305,-32.353615,-31.303926,-30.25424,-29.204552,-28.145052,-27.075745,-26.006447,-24.937147,-23.84823,-22.759308,-21.660582,-20.561857,-19.433708,-18.305544,-17.157776,-15.990385,-100.0,-100.0,-100.0,-100.0,-100.0,-100.0,-100.0,-100.0,-100.0,-100.0,-100.0,-100.0,-100.0,-100.0,-100.0,-100.0,-100.0
81.0,-50.708714,-49.67855,-48.658176,-47.628094,-46.60783,-45.57776,-44.547684,-43.517612,-42.48753,-41.447647,-40.41757,-39.377693,-38.337814,-37.29793,-36.258053,-35.208366,-34.158768,-33.109077,-32.04958,-30.990084,-29.93059,-28.861286,-27.791979,-26.712864,-25.623951,-24.535036,-23.436312,-22.327774,-21.209433,-20.071478,-18.923714,-17.766127,-16.56932,-15.362761,-100.0,-100.0,-100.0,-100.0,-100.0,-100.0,-100.0,-100.0,-100.0,-100.0,-100.0,-100.0,-100.0,-100.0,-100.0,-100.0,-100.0
80.0,-50.51256,-49.4824,-48.452217,-47.422134,-46.392063,-45.36199,-44.331917,-43.292038,-42.252148,-41.212265,-40.17238,-39.132504,-38.082817,-37.033127,-35.98344,-34.923946,-33.874348,-32.81485,-31.745544,-30.67624,-29.597132,-28.51802,-27.438906,-26.340176,-25.241455,-24.132925,-23.014585,-21.886433,-20.738668,-19.581099,-18.403912,-17.197287,-15.97106,-14.760203,-100.0,-100.0,-100.0,-100.0,-100.0,-100.0,-100.0,-100.0,-100.0,-100.0,-100.0,-100.0,-100.0,-100.0,-100.0,-100.0,-100.0
79.0,-50.31641,-49.286247,-48.256065,-47.216175,-46.186104,-45.146225,-44.106342,-43.066463,-42.016766,-40.976883,-39.92719,-38.877506,-37.82782,-36.768322,-35.708828,-34.649334,-33.58012,-32.510815,-31.431702,-30.35259,-29.263674,-28.174755,-27.076025,-25.967487,-24.849152,-23.721006,-22.583052,-21.435284,-20.258097,-19.071104,-17.864494,-16.618639,-15.343435,-100.0,-100.0,-100.0,-100.0,-100.0,-100.0,-100.0,-100.0,-100.0,-100.0,-100.0,-100.0,-100.0,-100.0,-100.0,-100.0,-100.0,-100.0
78.0,-50.12026,-49.090096,-48.050106,-47.010216,-45.970337,-44.930458,-43.880768,-42.83108,-41.79119,-40.731693,-39.682,-38.62251,-37.563015,-36.503517,-35.434216,-34.364914,-33.285892,-32.20678,-31.117859,-30.02894,-28.930216,-27.821682,-26.713144,-25.584991,-24.456848,-23.309088,-22.14171,-20.96452,-19.767717,-18.551302,-17.305462,-16.020376,-14.6961975,-100.0,-100.0,-100.0,-100.0,-100.0,-100.0,-100.0,-100.0,-100.0,-100.0,-100.0,-100.0,-100.0,-100.0,-100.0,-100.0,-100.0,-100.0
77.0,-49.924107,-48.884136,-47.844147,-46.804256,-45.75457,-44.704884,-43.655193,-42.605507,-41.55581,-40.49631,-39.43681,-38.36751,-37.29821,-36.228905,-35.159603,-34.080494,-32.991665,-31.902744,-30.804016,-29.70529,-28.58695,-27.468609,-26.340456,-25.202496,-24.04493,-22.877554,-21.700369,-20.493755,-19.26753,-18.011885,-16.726814,-15.392749,-14.009733,-100.0,-100.0,-100.0,-100.0,-100.0,-100.0,-100.0,-100.0,-100.0,-100.0,-100.0,-100.0,-100.0,-100.0,-100.0,-100.0,-100.0,-100.0
76.0,-49.727955,-48.687984,-47.638187,-46.58849,-45.538803,-44.489117,-43.42962,-42.379932,-41.31062,-40.25112,-39.181812,-38.112514,-37.043213,-35.9641,-34.875183,-33.786266,-32.68763,-31.588902,-30.480366,-29.371832,-28.243685,-27.105728,-25.967768,-24.810192,-23.63301,-22.44602,-21.239412,-20.013184,-18.747728,-17.46266,-16.128551,-14.745511,-100.0,-100.0,-100.0,-100.0,-100.0,-100.0,-100.0,-100.0,-100.0,-100.0,-100.0,-100.0,-100.0,-100.0,-100.0,-100.0,-100.0,-100.0,-100.0
75.0,-49.531803,-48.482025,-47.432228,-46.38253,-45.323036,-44.263542,-43.204044,-42.14455,-41.075237,-40.00593,-38.936623,-37.857517,-36.7686,-35.689487,-34.590763,-33.49204,-32.393402,-31.275059,-30.156715,-29.028566,-27.890612,-26.742847,-25.585272,-24.408081,-23.221092,-22.004679,-20.778456,-19.512997,-18.218119,-16.89382,-15.51072,-14.059047,-100.0,-100.0,-100.0,-100.0,-100.0,-100.0,-100.0,-100.0,-100.0,-100.0,-100.0,-100.0,-100.0,-100.0,-100.0,-100.0,-100.0,-100.0,-100.0
74.0,-49.33565,-48.276066,-47.22627,-46.166763,-45.10727,-44.047775,-42.97847,-41.90917,-40.839855,-39.760742,-38.681625,-37.592712,-36.503796,-35.405067,-34.306343,-33.19781,-32.089367,-30.961216,-29.833065,-28.695108,-27.537539,-26.379967,-25.202776,-24.00597,-22.789558,-21.55353,-20.297884,-19.003002,-17.678701,-16.295557,-14.863482,-13.343163,-100.0,-100.0,-100.0,-100.0,-100.0,-100.0,-100.0,-100.0,-100.0,-100.0,-100.0,-100.0,-100.0,-100.0,-100.0,-100.0,-100.0,-100.0,-100.0
73.0,-49.129692,-48.079914,-47.02031,-45.950996,-44.891502,-43.8222,-42.752895,-41.673786,-40.594666,-39.515553,-38.42663,-37.337715,-36.23899,-35.130455,-34.021923,-32.903584,-31.775524,-30.647373,-29.499607,-28.351843,-27.184465,-25.99747,-24.810472,-23.594051,-22.358025,-21.092573,-19.807505,-18.4832,-17.109861,-15.687516,-14.186825,-12.707572,-100.0,-100.0,-100.0,-100.0,-100.0,-100.0,-100.0,-100.0,-100.0,-100.0,-100.0,-100.0,-100.0,-100.0,-100.0,-100.0,-100.0,-100.0,-100.0
72.0,-48.93354,-47.873955,-46.804543,-45.745037,-44.665928,-43.596626,-42.517513,-41.438404,-40.349476,-39.260555,-38.17163,-37.07291,-35.96438,-34.855843,-33.727695,-32.609356,-31.471489,-30.323723,-29.16615,-27.99877,-26.821585,-25.624783,-24.408361,-23.172325,-21.916683,-20.621809,-19.307318,-17.943783,-16.531214,-15.050085,-13.480747,-100.0,-100.0,-100.0,-100.0,-100.0,-100.0,-100.0,-100.0,-100.0,-100.0,-100.0,-100.0,-100.0,-100.0,-100.0,-100.0,-100.0,-100.0,-100.0,-100.0
71.0,-48.73739,-47.667995,-46.598583,-45.52927,-44.45016,-43.37105,-42.29194,-41.203022,-40.114094,-39.015366,-37.906826,-36.808105,-35.689766,-34.571423,-33.443275,-32.30532,-31.157646,-30.000072,-28.832691,-27.645697,-26.448896,-25.23248,-24.00625,-22.740791,-21.465534,-20.141237,-18.787516,-17.38475,-15.92315,-14.383234,-12.7256365,-100.0,-100.0,-100.0,-100.0,-100.0,-100.0,-100.0,-100.0,-100.0,-100.0,-100.0,-100.0,-100.0,-100.0,-100.0,-100.0,-100.0,-100.0,-100.0,-100.0
70.0,-48.53143,-47.462036,-46.382816,-45.313503,-44.224586,-43.145477,-42.056557,-40.957832,-39.868904,-38.76037,-37.65183,-36.533493,-35.415154,-34.287003,-33.149048,-32.001286,-30.843803,-29.666615,-28.489426,-27.292624,-26.076208,-24.840176,-23.594332,-22.309258,-20.99477,-19.650858,-18.257906,-16.81591,-15.295526,-13.677156,-11.932025,-100.0,-100.0,-100.0,-100.0,-100.0,-100.0,-100.0,-100.0,-100.0,-100.0,-100.0,-100.0,-100.0,-100.0,-100.0,-100.0,-100.0,-100.0,-100.0,-100.0
69.0,-48.32547,-47.256077,-46.176857,-45.097736,-44.00882,-42.919903,-41.821175,-40.72245,-39.613907,-38.50537,-37.387024,-36.26869,-35.130733,-33.992775,-32.845013,-31.687445,-30.520153,-29.333157,-28.136353,-26.929743,-25.693712,-24.447872,-23.172606,-21.867916,-20.524006,-19.150671,-17.718489,-16.217648,-14.638481,-12.941659,-100.0,-100.0,-100.0,-100.0,-100.0,-100.0,-100.0,-100.0,-100.0,-100.0,-100.0,-100.0,-100.0,-100.0,-100.0,-100.0,-100.0,-100.0,-100.0,-100.0,-100.0
68.0,-48.12932,-47.050117,-45.96109,-44.87216,-43.783245,-42.68452,-41.585793,-40.47726,-39.368717,-38.250374,-37.12222,-35.994076,-34.85612,-33.708355,-32.550785,-31.373602,-30.196503,-28.999699,-27.793087,-26.566862,-25.311216,-24.045761,-22.741072,-21.416767,-20.043434,-18.630869,-17.149649,-15.599808,-13.952017,-12.166935,-100.0,-100.0,-100.0,-100.0,-100.0,-100.0,-100.0,-100.0,-100.0,-100.0,-100.0,-100.0,-100.0,-100.0,-100.0,-100.0,-100.0,-100.0,-100.0,-100.0,-100.0
67.0,-47.92336,-46.83435,-45.745323,-44.656395,-43.55767,-42.458946,-41.35041,-40.24188,-39.123528,-37.995377,-36.857414,-35.719463,-34.5717,-33.414127,-32.24675,-31.05976,-29.872852,-28.656433,-27.440014,-26.194174,-24.918913,-23.633842,-22.309538,-20.946003,-19.543247,-18.091452,-16.571001,-14.962377,-13.226326,-11.323565,-100.0,-100.0,-100.0,-100.0,-100.0,-100.0,-100.0,-100.0,-100.0,-100.0,-100.0,-100.0,-100.0,-100.0,-100.0,-100.0,-100.0,-100.0,-100.0,-100.0,-100.0
66.0,-47.7174,-46.62839,-45.529556,-44.440628,-43.332096,-42.223564,-41.11503,-39.99669,-38.86853,-37.73057,-36.59261,-35.44485,-34.28728,-33.1199,-31.942715,-30.745916,-29.539394,-28.313168,-27.077133,-25.811678,-24.52661,-23.212116,-21.868196,-20.475239,-19.04306,-17.542227,-15.9629345,-14.285719,-12.471215,-100.0,-100.0,-100.0,-100.0,-100.0,-100.0,-100.0,-100.0,-100.0,-100.0,-100.0,-100.0,-100.0,-100.0,-100.0,-100.0,-100.0,-100.0,-100.0,-100.0,-100.0,-100.0
65.0,-47.51144,-46.412624,-45.31379,-44.215054,-43.10652,-41.988182,-40.86984,-39.7515,-38.613533,-37.475574,-36.327805,-35.17024,-34.00286,-32.825672,-31.628872,-30.422266,-29.205936,-27.969902,-26.714252,-25.429182,-24.124498,-22.780582,-21.40724,-19.994667,-18.51345,-16.973387,-15.345117,-13.589448,-11.657265,-100.0,-100.0,-100.0,-100.0,-100.0,-100.0,-100.0,-100.0,-100.0,-100.0,-100.0,-100.0,-100.0,-100.0,-100.0,-100.0,-100.0,-100.0,-100.0,-100.0,-100.0,-100.0
64.0,-47.30548,-46.206665,-45.098022,-43.98948,-42.880947,-41.762608,-40.634457,-39.496502,-38.358536,-37.21077,-36.053192,-34.88582,-33.708633,-32.521637,-31.31503,-30.098616,-28.872478,-27.616829,-26.341564,-25.036879,-23.71258,-22.349049,-20.946283,-19.49448,-17.98384,-16.384932,-14.688072,-12.844144,-10.774668,-100.0,-100.0,-100.0,-100.0,-100.0,-100.0,-100.0,-100.0,-100.0,-100.0,-100.0,-100.0,-100.0,-100.0,-100.0,-100.0,-100.0,-100.0,-100.0,-100.0,-100.0,-100.0
63.0,-47.09952,-45.9909,-44.882256,-43.763905,-42.645565,-41.527225,-40.389267,-39.251312,-38.10354,-36.945965,-35.77858,-34.6014,-33.414406,-32.2176,-31.001186,-29.774965,-28.529213,-27.253948,-25.968876,-24.644575,-23.290854,-21.907707,-20.47552,-18.984486,-17.424809,-15.776882,-14.001608,-12.059613,-9.839225,-100.0,-100.0,-100.0,-100.0,-100.0,-100.0,-100.0,-100.0,-100.0,-100.0,-100.0,-100.0,-100.0,-100.0,-100.0,-100.0,-100.0,-100.0,-100.0,-100.0,-100.0,-100.0
62.0,-46.883755,-45.77513,-44.66649,-43.548138,-42.41999,-41.282036,-40.144077,-38.996315,-37.84854,-36.68116,-35.503967,-34.31698,-33.12018,-31.913568,-30.687344,-29.441507,-28.17614,-26.891068,-25.58638,-24.242464,-22.869127,-21.456558,-19.98514,-18.464684,-16.855968,-15.139451,-13.285724,-11.216243,-100.0,-100.0,-100.0,-100.0,-100.0,-100.0,-100.0,-100.0,-100.0,-100.0,-100.0,-100.0,-100.0,-100.0,-100.0,-100.0,-100.0,-100.0,-100.0,-100.0,-100.0,-100.0,-100.0
61.0,-46.677795,-45.559364,-44.440914,-43.322563,-42.18461,-41.046654,-39.898888,-38.751125,-37.583736,-36.416355,-35.229355,-34.03256,-32.82595,-31.599726,-30.363693,-29.10805,-27.832874,-26.528187,-25.194077,-23.840353,-22.437593,-20.995602,-19.49476,-17.925266,-16.257706,-14.482407,-12.520806,-10.304226,-100.0,-100.0,-100.0,-100.0,-100.0,-100.0,-100.0,-100.0,-100.0,-100.0,-100.0,-100.0,-100.0,-100.0,-100.0,-100.0,-100.0,-100.0,-100.0,-100.0,-100.0,-100.0,-100.0
60.0,-46.46203,-45.343597,-44.225147,-43.08718,-41.949226,-40.81127,-39.653698,-38.496128,-37.31893,-36.141743,-34.944935,-33.74814,-32.521915,-31.29569,-30.040043,-28.764784,-27.479801,-26.155499,-24.801773,-23.418627,-21.996252,-20.51503,-18.984766,-17.366234,-15.64967,-13.786136,-11.716662,-9.303949,-100.0,-100.0,-100.0,-100.0,-100.0,-100.0,-100.0,-100.0,-100.0,-100.0,-100.0,-100.0,-100.0,-100.0,-100.0,-100.0,-100.0,-100.0,-100.0,-100.0,-100.0,-100.0,-100.0
59.0,-46.25607,-45.12783,-43.999573,-42.861607,-41.713844,-40.566082,-39.40851,-38.24113,-37.063934,-35.86713,-34.670322,-33.45391,-32.227688,-30.97204,-29.716393,-28.421518,-27.11692,-25.78281,-24.40947,-22.9969,-21.545103,-20.034458,-18.455156,-16.787586,-15.002432,-13.050638,-10.843872,-100.0,-100.0,-100.0,-100.0,-100.0,-100.0,-100.0,-100.0,-100.0,-100.0,-100.0,-100.0,-100.0,-100.0,-100.0,-100.0,-100.0,-100.0,-100.0,-100.0,-100.0,-100.0,-100.0,-100.0
58.0,-46.040302,-44.912064,-43.774,-42.636032,-41.478462,-40.320892,-39.15351,-37.976326,-36.78932,-35.592518,-34.385902,-33.159683,-31.913847,-30.658197,-29.382935,-28.078253,-26.75404,-25.390507,-24.007359,-22.565367,-21.084146,-19.544079,-17.91574,-16.199131,-14.335581,-12.275914,-9.902435,-100.0,-100.0,-100.0,-100.0,-100.0,-100.0,-100.0,-100.0,-100.0,-100.0,-100.0,-100.0,-100.0,-100.0,-100.0,-100.0,-100.0,-100.0,-100.0,-100.0,-100.0,-100.0,-100.0,-100.0
57.0,-45.824535,-44.696297,-43.548424,-42.40065,-41.24308,-40.075703,-38.90832,-37.72133,-36.524517,-35.317905,-34.101482,-32.865456,-31.609812,-30.334547,-29.039669,-27.72518,-26.381351,-25.00801,-23.585632,-22.133833,-20.613382,-19.034084,-17.366514,-15.581294,-13.63931,-11.452157,-8.853126,-100.0,-100.0,-100.0,-100.0,-100.0,-100.0,-100.0,-100.0,-100.0,-100.0,-100.0,-100.0,-100.0,-100.0,-100.0,-100.0,-100.0,-100.0,-100.0,-100.0,-100.0,-100.0,-100.0,-100.0
56.0,-45.618576,-44.470722,-43.32285,-42.175076,-41.007698,-39.830513,-38.653324,-37.456524,-36.259712,-35.043293,-33.807255,-32.56142,-31.295969,-30.010897,-28.706211,-27.372107,-26.008663,-24.6059,-23.173714,-21.682684,-20.13281,-18.504475,-16.787867,-14.934056,-12.894006,-10.559753,-7.739057,-100.0,-100.0,-100.0,-100.0,-100.0,-100.0,-100.0,-100.0,-100.0,-100.0,-100.0,-100.0,-100.0,-100.0,-100.0,-100.0,-100.0,-100.0,-100.0,-100.0,-100.0,-100.0,-100.0,-100.0
55.0,-45.40281,-44.254955,-43.097275,-41.939693,-40.76251,-39.585323,-38.398327,-37.201527,-35.9851,-34.758873,-33.513027,-32.257385,-30.982126,-29.687246,-28.362946,-27.009226,-25.626167,-24.203789,-22.74218,-21.221727,-19.642431,-17.974865,-16.189604,-14.267205,-12.109475,-9.588897,-100.0,-100.0,-100.0,-100.0,-100.0,-100.0,-100.0,-100.0,-100.0,-100.0,-100.0,-100.0,-100.0,-100.0,-100.0,-100.0,-100.0,-100.0,-100.0,-100.0,-100.0,-100.0,-100.0,-100.0,-100.0
54.0,-45.177235,-44.02938,-42.8717,-41.70431,-40.527126,-39.340134,-38.14333,-36.93672,-35.710487,-34.474453,-33.2188,-31.953352,-30.658476,-29.353788,-28.009872,-26.646345,-25.243671,-23.801678,-22.310646,-20.76077,-19.132437,-17.415833,-15.571768,-13.561128,-11.275911,-8.5003605,-100.0,-100.0,-100.0,-100.0,-100.0,-100.0,-100.0,-100.0,-100.0,-100.0,-100.0,-100.0,-100.0,-100.0,-100.0,-100.0,-100.0,-100.0,-100.0,-100.0,-100.0,-100.0,-100.0,-100.0,-100.0
53.0,-44.961468,-43.803806,-42.646126,-41.46893,-40.281937,-39.085136,-37.888332,-36.66211,-35.435875,-34.190033,-32.924572,-31.649317,-30.344633,-29.010523,-27.6568,-26.273657,-24.851368,-23.379951,-21.859497,-20.2802,-18.612635,-16.846992,-14.934337,-12.815824,-10.363894,-7.254918,-100.0,-100.0,-100.0,-100.0,-100.0,-100.0,-100.0,-100.0,-100.0,-100.0,-100.0,-100.0,-100.0,-100.0,-100.0,-100.0,-100.0,-100.0,-100.0,-100.0,-100.0,-100.0,-100.0,-100.0,-100.0
52.0,-44.7457,-43.57823,-42.410744,-41.233547,-40.036747,-38.839947,-37.623528,-36.397305,-35.161263,-33.905613,-32.630344,-31.335474,-30.020983,-28.677065,-27.303726,-25.900969,-24.449257,-22.958225,-21.408348,-19.78982,-18.083025,-16.24873,-14.257679,-12.021486,-9.373425,-100.0,-100.0,-100.0,-100.0,-100.0,-100.0,-100.0,-100.0,-100.0,-100.0,-100.0,-100.0,-100.0,-100.0,-100.0,-100.0,-100.0,-100.0,-100.0,-100.0,-100.0,-100.0,-100.0,-100.0,-100.0,-100.0
51.0,-44.529934,-43.352657,-42.17536,-40.988358,-39.791557,-38.58495,-37.358723,-36.1325,-34.876842,-33.611385,-32.32631,-31.021631,-29.687525,-28.3338,-26.940845,-25.518473,-24.047146,-22.526691,-20.947392,-19.289633,-17.523993,-15.640695,-13.551601,-11.178116,-8.255468,-100.0,-100.0,-100.0,-100.0,-100.0,-100.0,-100.0,-100.0,-100.0,-100.0,-100.0,-100.0,-100.0,-100.0,-100.0,-100.0,-100.0,-100.0,-100.0,-100.0,-100.0,-100.0,-100.0,-100.0,-100.0,-100.0
50.0,-44.30436,-43.127083,-41.949787,-40.752975,-39.546368,-38.329952,-37.103725,-35.857887,-34.592422,-33.317158,-32.022274,-30.69798,-29.354067,-27.980726,-26.577965,-25.12617,-23.635227,-22.08535,-20.476627,-18.76983,-16.955153,-14.993457,-12.806297,-10.266099,-6.9707994,-100.0,-100.0,-100.0,-100.0,-100.0,-100.0,-100.0,-100.0,-100.0,-100.0,-100.0,-100.0,-100.0,-100.0,-100.0,-100.0,-100.0,-100.0,-100.0,-100.0,-100.0,-100.0,-100.0,-100.0,-100.0,-100.0
49.0,-44.078785,-42.90151,-41.714405,-40.507786,-39.301178,-38.074955,-36.829113,-35.583275,-34.308002,-33.02293,-31.708433,-30.384138,-29.020609,-27.627653,-26.205276,-24.733866,-23.213501,-21.644009,-19.986248,-18.240221,-16.366697,-14.326606,-12.021767,-9.256016,-100.0,-100.0,-100.0,-100.0,-100.0,-100.0,-100.0,-100.0,-100.0,-100.0,-100.0,-100.0,-100.0,-100.0,-100.0,-100.0,-100.0,-100.0,-100.0,-100.0,-100.0,-100.0,-100.0,-100.0,-100.0,-100.0,-100.0
48.0,-43.863018,-42.675934,-41.479023,-40.262596,-39.04618,-37.81015,-36.56431,-35.308662,-34.023582,-32.718895,-31.404398,-30.05068,-28.677343,-27.27458,-25.82278,-24.331755,-22.791775,-21.183052,-19.495869,-17.700804,-15.75865,-13.620528,-11.178396,-8.128253,-100.0,-100.0,-100.0,-100.0,-100.0,-100.0,-100.0,-100.0,-100.0,-100.0,-100.0,-100.0,-100.0,-100.0,-100.0,-100.0,-100.0,-100.0,-100.0,-100.0,-100.0,-100.0,-100.0,-100.0,-100.0,-100.0,-100.0
47.0,-43.637444,-42.44055,-41.233833,-40.027214,-38.791183,-37.555153,-36.299503,-35.024242,-33.729355,-32.424667,-31.090555,-29.72703,-28.334078,-26.9117,-25.440285,-23.929644,-22.36024,-20.712288,-18.985874,-17.131964,-15.121219,-12.885031,-10.256573,-6.814164,-100.0,-100.0,-100.0,-100.0,-100.0,-100.0,-100.0,-100.0,-100.0,-100.0,-100.0,-100.0,-100.0,-100.0,-100.0,-100.0,-100.0,-100.0,-100.0,-100.0,-100.0,-100.0,-100.0,-100.0,-100.0,-100.0,-100.0
46.0,-43.41187,-42.214977,-40.99845,-39.772217,-38.545994,-37.290348,-36.02489,-34.739822,-33.444935,-32.120632,-30.766905,-29.393572,-27.990812,-26.539011,-25.057789,-23.517725,-21.909092,-20.231716,-18.456264,-16.553316,-14.464174,-12.1005,-9.256296,-5.1764565,-100.0,-100.0,-100.0,-100.0,-100.0,-100.0,-100.0,-100.0,-100.0,-100.0,-100.0,-100.0,-100.0,-100.0,-100.0,-100.0,-100.0,-100.0,-100.0,-100.0,-100.0,-100.0,-100.0,-100.0,-100.0,-100.0,-100.0
45.0,-43.186295,-41.979595,-40.76307,-39.527027,-38.28119,-37.025543,-35.75028,-34.455402,-33.150707,-31.80679,-30.453062,-29.060114,-27.63774,-26.166323,-24.655678,-23.095999,-21.457943,-19.741337,-17.916847,-15.9452505,-13.767903,-11.25713,-8.118727,-100.0,-100.0,-100.0,-100.0,-100.0,-100.0,-100.0,-100.0,-100.0,-100.0,-100.0,-100.0,-100.0,-100.0,-100.0,-100.0,-100.0,-100.0,-100.0,-100.0,-100.0,-100.0,-100.0,-100.0,-100.0,-100.0,-100.0,-100.0
44.0,-42.96072,-41.744213,-40.51788,-39.281837,-38.02619,-36.76074,-35.475666,-34.170982,-32.846672,-31.502754,-30.129412,-28.716848,-27.274858,-25.793634,-24.263374,-22.664465,-20.996986,-19.24115,-17.357815,-15.317626,-13.032406,-10.354919,-6.8046374,-100.0,-100.0,-100.0,-100.0,-100.0,-100.0,-100.0,-100.0,-100.0,-100.0,-100.0,-100.0,-100.0,-100.0,-100.0,-100.0,-100.0,-100.0,-100.0,-100.0,-100.0,-100.0,-100.0,-100.0,-100.0,-100.0,-100.0,-100.0
43.0,-42.725338,-41.50883,-40.27269,-39.02684,-37.771194,-36.495934,-35.201054,-33.886562,-32.552444,-31.188911,-29.795954,-28.373583,-26.911978,-25.411139,-23.851456,-22.232931,-20.526222,-18.721348,-16.788975,-14.660582,-12.257682,-9.354643,-5.1669297,-100.0,-100.0,-100.0,-100.0,-100.0,-100.0,-100.0,-100.0,-100.0,-100.0,-100.0,-100.0,-100.0,-100.0,-100.0,-100.0,-100.0,-100.0,-100.0,-100.0,-100.0,-100.0,-100.0,-100.0,-100.0,-100.0,-100.0,-100.0
42.0,-42.499763,-41.27345,-40.0275,-38.78165,-37.50639,-36.22132,-34.916634,-33.592335,-32.24841,-30.875069,-29.472303,-28.030317,-26.549097,-25.018835,-23.439537,-21.781782,-20.04565,-18.191738,-16.190712,-13.983924,-11.433925,-8.236687,-100.0,-100.0,-100.0,-100.0,-100.0,-100.0,-100.0,-100.0,-100.0,-100.0,-100.0,-100.0,-100.0,-100.0,-100.0,-100.0,-100.0,-100.0,-100.0,-100.0,-100.0,-100.0,-100.0,-100.0,-100.0,-100.0,-100.0,-100.0,-100.0
41.0,-42.26438,-41.02826,-39.78231,-38.526653,-37.251392,-35.956516,-34.64202,-33.298107,-31.944376,-30.551418,-29.129038,-27.677244,-26.176409,-24.626532,-23.01781,-21.330633,-19.545464,-17.642513,-15.572876,-13.258233,-10.541521,-6.9520173,-100.0,-100.0,-100.0,-100.0,-100.0,-100.0,-100.0,-100.0,-100.0,-100.0,-100.0,-100.0,-100.0,-100.0,-100.0,-100.0,-100.0,-100.0,-100.0,-100.0,-100.0,-100.0,-100.0,-100.0,-100.0,-100.0,-100.0,-100.0,-100.0
40.0,-42.029,-40.792877,-39.53712,-38.271656,-36.986588,-35.681904,-34.3576,-33.00388,-31.630533,-30.227768,-28.79558,-27.324171,-25.80372,-24.22442,-22.586277,-20.859869,-19.03547,-17.08348,-14.935445,-12.493316,-9.560858,-5.353536,-100.0,-100.0,-100.0,-100.0,-100.0,-100.0,-100.0,-100.0,-100.0,-100.0,-100.0,-100.0,-100.0,-100.0,-100.0,-100.0,-100.0,-100.0,-100.0,-100.0,-100.0,-100.0,-100.0,-100.0,-100.0,-100.0,-100.0,-100.0,-100.0
39.0,-41.803425,-40.547688,-39.29193,-38.00685,-36.711975,-35.40729,-34.063374,-32.709652,-31.31669,-29.904118,-28.452314,-26.96129,-25.411417,-23.812502,-22.144936,-20.389105,-18.515667,-16.495026,-14.258787,-11.689172,-8.4723215,-2.9999442,-100.0,-100.0,-100.0,-100.0,-100.0,-100.0,-100.0,-100.0,-100.0,-100.0,-100.0,-100.0,-100.0,-100.0,-100.0,-100.0,-100.0,-100.0,-100.0,-100.0,-100.0,-100.0,-100.0,-100.0,-100.0,-100.0,-100.0,-100.0,-100.0
38.0,-41.568043,-40.312305,-39.036934,-37.751854,-36.44717,-35.12287,-33.778954,-32.405617,-31.002848,-29.57066,-28.109049,-26.588602,-25.028921,-23.400583,-21.693787,-19.898726,-17.97625,-15.886966,-13.55271,-10.816381,-7.226879,-100.0,-100.0,-100.0,-100.0,-100.0,-100.0,-100.0,-100.0,-100.0,-100.0,-100.0,-100.0,-100.0,-100.0,-100.0,-100.0,-100.0,-100.0,-100.0,-100.0,-100.0,-100.0,-100.0,-100.0,-100.0,-100.0,-100.0,-100.0,-100.0,-100.0
37.0,-41.322853,-40.067116,-38.781937,-37.48705,-36.182365,-34.84826,-33.484726,-32.10158,-30.689005,-29.237202,-27.755976,-26.215914,-24.636618,-22.978857,-21.242638,-19.398539,-17.427025,-15.259341,-12.807405,-9.865138,-5.706851,-100.0,-100.0,-100.0,-100.0,-100.0,-100.0,-100.0,-100.0,-100.0,-100.0,-100.0,-100.0,-100.0,-100.0,-100.0,-100.0,-100.0,-100.0,-100.0,-100.0,-100.0,-100.0,-100.0,-100.0,-100.0,-100.0,-100.0,-100.0,-100.0,-100.0
36.0,-41.08747,-39.821926,-38.536747,-37.23205,-35.907753,-34.56384,-33.1905,-31.797548,-30.365355,-28.903744,-27.393095,-25.843225,-24.234507,-22.547323,-20.771873,-18.888544,-16.848377,-14.602297,-12.022875,-8.815828,-3.588618,-100.0,-100.0,-100.0,-100.0,-100.0,-100.0,-100.0,-100.0,-100.0,-100.0,-100.0,-100.0,-100.0,-100.0,-100.0,-100.0,-100.0,-100.0,-100.0,-100.0,-100.0,-100.0,-100.0,-100.0,-100.0,-100.0,-100.0,-100.0,-100.0,-100.0
35.0,-40.85209,-39.56693,-38.28175,-36.967247,-35.63314,-34.27942,-32.89627,-31.483706,-30.041704,-28.560478,-27.040022,-25.46073,-23.822588,-22.105982,-20.30111,-18.358934,-16.259922,-13.9158325,-11.169698,-7.619419,-100.0,-100.0,-100.0,-100.0,-100.0,-100.0,-100.0,-100.0,-100.0,-100.0,-100.0,-100.0,-100.0,-100.0,-100.0,-100.0,-100.0,-100.0,-100.0,-100.0,-100.0,-100.0,-100.0,-100.0,-100.0,-100.0,-100.0,-100.0,-100.0,-100.0,-100.0
34.0,-40.6069,-39.32174,-38.016945,-36.702442,-35.35853,-33.98519,-32.592236,-31.169863,-29.718054,-28.217213,-26.667334,-25.068426,-23.41067,-21.654833,-19.81073,-17.819517,-15.642078,-13.190142,-10.257681,-6.1974573,-100.0,-100.0,-100.0,-100.0,-100.0,-100.0,-100.0,-100.0,-100.0,-100.0,-100.0,-100.0,-100.0,-100.0,-100.0,-100.0,-100.0,-100.0,-100.0,-100.0,-100.0,-100.0,-100.0,-100.0,-100.0,-100.0,-100.0,-100.0,-100.0,-100.0,-100.0
33.0,-40.36171,-39.07655,-37.761948,-36.42783,-35.07411,-33.70077,-32.298008,-30.85602,-29.384596,-27.86414,-26.304453,-24.676123,-22.979136,-21.203684,-19.300735,-17.260485,-15.004647,-12.425224,-9.257404,-4.334197,-100.0,-100.0,-100.0,-100.0,-100.0,-100.0,-100.0,-100.0,-100.0,-100.0,-100.0,-100.0,-100.0,-100.0,-100.0,-100.0,-100.0,-100.0,-100.0,-100.0,-100.0,-100.0,-100.0,-100.0,-100.0,-100.0,-100.0,-100.0,-100.0,-100.0,-100.0
32.0,-40.126328,-38.821552,-37.497143,-36.163025,-34.799496,-33.406544,-31.984167,-30.53237,-29.051138,-27.511066,-25.921957,-24.274012,-22.55741,-20.73292,-18.790741,-16.681837,-14.337796,-11.611274,-8.119835,-100.0,-100.0,-100.0,-100.0,-100.0,-100.0,-100.0,-100.0,-100.0,-100.0,-100.0,-100.0,-100.0,-100.0,-100.0,-100.0,-100.0,-100.0,-100.0,-100.0,-100.0,-100.0,-100.0,-100.0,-100.0,-100.0,-100.0,-100.0,-100.0,-100.0,-100.0,-100.0
31.0,-39.881138,-38.566555,-37.242146,-35.888412,-34.515076,-33.112316,-31.680132,-30.20872,-28.707872,-27.157993,-25.549269,-23.8719,-22.116068,-20.252348,-18.261131,-16.083574,-13.631719,-10.728677,-6.8057456,-100.0,-100.0,-100.0,-100.0,-100.0,-100.0,-100.0,-100.0,-100.0,-100.0,-100.0,-100.0,-100.0,-100.0,-100.0,-100.0,-100.0,-100.0,-100.0,-100.0,-100.0,-100.0,-100.0,-100.0,-100.0,-100.0,-100.0,-100.0,-100.0,-100.0,-100.0,-100.0
30.0,-39.62614,-38.311558,-36.97734,-35.6138,-34.230656,-32.81809,-31.36629,-29.885069,-28.364607,-26.785305,-25.156965,-23.459982,-21.664919,-19.761969,-17.711906,-15.465748,-12.896221,-9.777433,-5.168038,-100.0,-100.0,-100.0,-100.0,-100.0,-100.0,-100.0,-100.0,-100.0,-100.0,-100.0,-100.0,-100.0,-100.0,-100.0,-100.0,-100.0,-100.0,-100.0,-100.0,-100.0,-100.0,-100.0,-100.0,-100.0,-100.0,-100.0,-100.0,-100.0,-100.0,-100.0,-100.0
29.0,-39.38095,-38.05656,-36.712536,-35.339188,-33.936428,-32.514053,-31.052446,-29.561419,-28.011534,-26.422424,-24.764662,-23.038256,-21.203962,-19.261782,-17.152874,-14.81851,-12.1116905,-8.70851,-2.6673465,-100.0,-100.0,-100.0,-100.0,-100.0,-100.0,-100.0,-100.0,-100.0,-100.0,-100.0,-100.0,-100.0,-100.0,-100.0,-100.0,-100.0,-100.0,-100.0,-100.0,-100.0,-100.0,-100.0,-100.0,-100.0,-100.0,-100.0,-100.0,-100.0,-100.0,-100.0,-100.0
28.0,-39.13576,-37.801563,-36.437923,-35.054768,-33.652008,-32.21002,-30.738604,-29.22796,-27.65846,-26.049736,-24.36255,-22.606722,-20.743006,-18.74198,-16.574226,-14.132046,-11.26832,-7.5022945,-100.0,-100.0,-100.0,-100.0,-100.0,-100.0,-100.0,-100.0,-100.0,-100.0,-100.0,-100.0,-100.0,-100.0,-100.0,-100.0,-100.0,-100.0,-100.0,-100.0,-100.0,-100.0,-100.0,-100.0,-100.0,-100.0,-100.0,-100.0,-100.0,-100.0,-100.0,-100.0,-100.0
27.0,-38.880764,-37.53676,-36.17312,-34.780155,-33.35778,-31.905983,-30.414953,-28.884695,-27.305387,-25.66724,-23.96044,-22.16538,-20.262434,-18.21237,-15.966159,-13.425968,-10.36611,-6.050913,-100.0,-100.0,-100.0,-100.0,-100.0,-100.0,-100.0,-100.0,-100.0,-100.0,-100.0,-100.0,-100.0,-100.0,-100.0,-100.0,-100.0,-100.0,-100.0,-100.0,-100.0,-100.0,-100.0,-100.0,-100.0,-100.0,-100.0,-100.0,-100.0,-100.0,-100.0,-100.0,-100.0
26.0,-38.625767,-37.271954,-35.898506,-34.495735,-33.063553,-31.59214,-30.091303,-28.54143,-26.942507,-25.284744,-23.548521,-21.714231,-19.772055,-17.663145,-15.338534,-12.670857,-9.365833,-4.128813,-100.0,-100.0,-100.0,-100.0,-100.0,-100.0,-100.0,-100.0,-100.0,-100.0,-100.0,-100.0,-100.0,-100.0,-100.0,-100.0,-100.0,-100.0,-100.0,-100.0,-100.0,-100.0,-100.0,-100.0,-100.0,-100.0,-100.0,-100.0,-100.0,-100.0,-100.0,-100.0,-100.0
25.0,-38.37077,-37.00715,-35.623894,-34.211315,-32.759518,-31.288105,-29.767653,-28.198164,-26.579626,-24.89244,-23.126795,-21.263083,-19.271868,-17.104113,-14.691297,-11.87652,-8.257684,-100.0,-100.0,-100.0,-100.0,-100.0,-100.0,-100.0,-100.0,-100.0,-100.0,-100.0,-100.0,-100.0,-100.0,-100.0,-100.0,-100.0,-100.0,-100.0,-100.0,-100.0,-100.0,-100.0,-100.0,-100.0,-100.0,-100.0,-100.0,-100.0,-100.0,-100.0,-100.0,-100.0,-100.0
24.0,-38.115772,-36.742344,-35.34928,-33.917088,-32.46529,-30.964455,-29.434195,-27.84509,-26.206938,-24.49033,-22.695261,-20.792318,-18.752066,-16.515657,-14.004832,-11.013536,-6.9730144,-100.0,-100.0,-100.0,-100.0,-100.0,-100.0,-100.0,-100.0,-100.0,-100.0,-100.0,-100.0,-100.0,-100.0,-100.0,-100.0,-100.0,-100.0,-100.0,-100.0,-100.0,-100.0,-100.0,-100.0,-100.0,-100.0,-100.0,-100.0,-100.0,-100.0,-100.0,-100.0,-100.0,-100.0
23.0,-37.860775,-36.47754,-35.06486,-33.632668,-32.161255,-30.650612,-29.100737,-27.492018,-25.824442,-24.088219,-22.263727,-20.321554,-18.222456,-15.917403,-13.288948,-10.081906,-5.374533,-100.0,-100.0,-100.0,-100.0,-100.0,-100.0,-100.0,-100.0,-100.0,-100.0,-100.0,-100.0,-100.0,-100.0,-100.0,-100.0,-100.0,-100.0,-100.0,-100.0,-100.0,-100.0,-100.0,-100.0,-100.0,-100.0,-100.0,-100.0,-100.0,-100.0,-100.0,-100.0,-100.0,-100.0
22.0,-37.59597,-36.202927,-34.79025,-33.33844,-31.857222,-30.326962,-28.757471,-27.138945,-25.441946,-23.6763,-21.812578,-19.831175,-17.673231,-15.289779,-12.524031,-9.0620165,-100.0,-100.0,-100.0,-100.0,-100.0,-100.0,-100.0,-100.0,-100.0,-100.0,-100.0,-100.0,-100.0,-100.0,-100.0,-100.0,-100.0,-100.0,-100.0,-100.0,-100.0,-100.0,-100.0,-100.0,-100.0,-100.0,-100.0,-100.0,-100.0,-100.0,-100.0,-100.0,-100.0,-100.0,-100.0
21.0,-37.340973,-35.93812,-34.50583,-33.044212,-31.543379,-30.003311,-28.414206,-26.766256,-25.05945,-23.264381,-21.36143,-19.330988,-17.114199,-14.632734,-11.719887,-7.9048333,-100.0,-100.0,-100.0,-100.0,-100.0,-100.0,-100.0,-100.0,-100.0,-100.0,-100.0,-100.0,-100.0,-100.0,-100.0,-100.0,-100.0,-100.0,-100.0,-100.0,-100.0,-100.0,-100.0,-100.0,-100.0,-100.0,-100.0,-100.0,-100.0,-100.0,-100.0,-100.0,-100.0,-100.0,-100.0
20.0,-37.076168,-35.66351,-34.22141,-32.740177,-31.229536,-29.669853,-28.07094,-26.403376,-24.667147,-22.832848,-20.900473,-18.811186,-16.525743,-13.94627,-10.847096,-6.5417113,-100.0,-100.0,-100.0,-100.0,-100.0,-100.0,-100.0,-100.0,-100.0,-100.0,-100.0,-100.0,-100.0,-100.0,-100.0,-100.0,-100.0,-100.0,-100.0,-100.0,-100.0,-100.0,-100.0,-100.0,-100.0,-100.0,-100.0,-100.0,-100.0,-100.0,-100.0,-100.0,-100.0,-100.0,-100.0
19.0,-36.811363,-35.388897,-33.92718,-32.44595,-30.915693,-29.346203,-27.717867,-26.030687,-24.265036,-22.401314,-20.4199,-18.281576,-15.927487,-13.220579,-9.895853,-100.0,-100.0,-100.0,-100.0,-100.0,-100.0,-100.0,-100.0,-100.0,-100.0,-100.0,-100.0,-100.0,-100.0,-100.0,-100.0,-100.0,-100.0,-100.0,-100.0,-100.0,-100.0,-100.0,-100.0,-100.0,-100.0,-100.0,-100.0,-100.0,-100.0,-100.0,-100.0,-100.0,-100.0,-100.0,-100.0
18.0,-36.53675,-35.104477,-33.64276,-32.141914,-30.592043,-29.002937,-27.364794,-25.648191,-23.853117,-21.959972,-19.93933,-17.742159,-15.299863,-12.455662,-8.85635,-100.0,-100.0,-100.0,-100.0,-100.0,-100.0,-100.0,-100.0,-100.0,-100.0,-100.0,-100.0,-100.0,-100.0,-100.0,-100.0,-100.0,-100.0,-100.0,-100.0,-100.0,-100.0,-100.0,-100.0,-100.0,-100.0,-100.0,-100.0,-100.0,-100.0,-100.0,-100.0,-100.0,-100.0,-100.0,-100.0
17.0,-36.271946,-34.829865,-33.348534,-31.828072,-30.2782,-28.66948,-27.001913,-25.265696,-23.441198,-21.508823,-19.439142,-17.183126,-14.642818,-11.641711,-100.0,-100.0,-100.0,-100.0,-100.0,-100.0,-100.0,-100.0,-100.0,-100.0,-100.0,-100.0,-100.0,-100.0,-100.0,-100.0,-100.0,-100.0,-100.0,-100.0,-100.0,-100.0,-100.0,-100.0,-100.0,-100.0,-100.0,-100.0,-100.0,-100.0,-100.0,-100.0,-100.0,-100.0,-100.0,-100.0,-100.0
16.0,-35.997334,-34.545444,-33.054306,-31.524036,-29.944742,-28.326214,-26.629225,-24.873392,-23.019472,-21.047867,-18.929148,-16.594671,-13.956354,-10.768921,-100.0,-100.0,-100.0,-100.0,-100.0,-100.0,-100.0,-100.0,-100.0,-100.0,-100.0,-100.0,-100.0,-100.0,-100.0,-100.0,-100.0,-100.0,-100.0,-100.0,-100.0,-100.0,-100.0,-100.0,-100.0,-100.0,-100.0,-100.0,-100.0,-100.0,-100.0,-100.0,-100.0,-100.0,-100.0,-100.0,-100.0
15.0,-35.72272,-34.261024,-32.75027,-31.210194,-29.621092,-27.97314,-26.266344,-24.471281,-22.587938,-20.577103,-18.399538,-15.996408,-13.230663,-9.8176775,-100.0,-100.0,-100.0,-100.0,-100.0,-100.0,-100.0,-100.0,-100.0,-100.0,-100.0,-100.0,-100.0,-100.0,-100.0,-100.0,-100.0,-100.0,-100.0,-100.0,-100.0,-100.0,-100.0,-100.0,-100.0,-100.0,-100.0,-100.0,-100.0,-100.0,-100.0,-100.0,-100.0,-100.0,-100.0,-100.0,-100.0
14.0,-35.44811,-33.966797,-32.456043,-30.89635,-29.287634,-27.620068,-25.883848,-24.06917,-22.146597,-20.09653,-17.86012,-15.368784,-12.465746,-100.0,-100.0,-100.0,-100.0,-100.0,-100.0,-100.0,-100.0,-100.0,-100.0,-100.0,-100.0,-100.0,-100.0,-100.0,-100.0,-100.0,-100.0,-100.0,-100.0,-100.0,-100.0,-100.0,-100.0,-100.0,-100.0,-100.0,-100.0,-100.0,-100.0,-100.0,-100.0,-100.0,-100.0,-100.0,-100.0,-100.0,-100.0
13.0,-35.173496,-33.682377,-32.152008,-30.5727,-28.944368,-27.266994,-25.501352,-23.657251,-21.705256,-19.596344,-17.301088,-14.721546,-11.651795,-100.0,-100.0,-100.0,-100.0,-100.0,-100.0,-100.0,-100.0,-100.0,-100.0,-100.0,-100.0,-100.0,-100.0,-100.0,-100.0,-100.0,-100.0,-100.0,-100.0,-100.0,-100.0,-100.0,-100.0,-100.0,-100.0,-100.0,-100.0,-100.0,-100.0,-100.0,-100.0,-100.0,-100.0,-100.0,-100.0,-100.0,-100.0
12.0,-34.889076,-33.38815,-31.838167,-30.24905,-28.61091,-26.904114,-25.118856,-23.235525,-21.244299,-19.096157,-16.72244,-14.035082,-100.0,-100.0,-100.0,-100.0,-100.0,-100.0,-100.0,-100.0,-100.0,-100.0,-100.0,-100.0,-100.0,-100.0,-100.0,-100.0,-100.0,-100.0,-100.0,-100.0,-100.0,-100.0,-100.0,-100.0,-100.0,-100.0,-100.0,-100.0,-100.0,-100.0,-100.0,-100.0,-100.0,-100.0,-100.0,-100.0,-100.0,-100.0,-100.0
11.0,-34.614464,-33.09392,-31.534132,-29.9254,-28.267645,-26.531425,-24.726553,-22.813799,-20.773535,-18.576355,-16.133986,-13.319198,-100.0,-100.0,-100.0,-100.0,-100.0,-100.0,-100.0,-100.0,-100.0,-100.0,-100.0,-100.0,-100.0,-100.0,-100.0,-100.0,-100.0,-100.0,-100.0,-100.0,-100.0,-100.0,-100.0,-100.0,-100.0,-100.0,-100.0,-100.0,-100.0,-100.0,-100.0,-100.0,-100.0,-100.0,-100.0,-100.0,-100.0,-100.0,-100.0
10.0,-34.330044,-32.789886,-31.22029,-29.591942,-27.914572,-26.158737,-24.324442,-22.382265,-20.30277,-18.036938,-15.506349,-100.0,-100.0,-100.0,-100.0,-100.0,-100.0,-100.0,-100.0,-100.0,-100.0,-100.0,-100.0,-100.0,-100.0,-100.0,-100.0,-100.0,-100.0,-100.0,-100.0,-100.0,-100.0,-100.0,-100.0,-100.0,-100.0,-100.0,-100.0,-100.0,-100.0,-100.0,-100.0,-100.0,-100.0,-100.0,-100.0,-100.0,-100.0,-100.0,-100.0
9.0,-34.035816,-32.49566,-30.906446,-29.258484,-27.561499,-25.786049,-23.912523,-21.940924,-19.812391,-17.487713,-100.0,-100.0,-100.0,-100.0,-100.0,-100.0,-100.0,-100.0,-100.0,-100.0,-100.0,-100.0,-100.0,-100.0,-100.0,-100.0,-100.0,-100.0,-100.0,-100.0,-100.0,-100.0,-100.0,-100.0,-100.0,-100.0,-100.0,-100.0,-100.0,-100.0,-100.0,-100.0,-100.0,-100.0,-100.0,-100.0,-100.0,-100.0,-100.0,-100.0,-100.0
8.0,-33.751396,-32.191624,-30.582796,-28.925026,-27.198618,-25.403553,-23.500605,-21.489775,-19.312204,-16.909065,-100.0,-100.0,-100.0,-100.0,-100.0,-100.0,-100.0,-100.0,-100.0,-100.0,-100.0,-100.0,-100.0,-100.0,-100.0,-100.0,-100.0,-100.0,-100.0,-100.0,-100.0,-100.0,-100.0,-100.0,-100.0,-100.0,-100.0,-100.0,-100.0,-100.0,-100.0,-100.0,-100.0,-100.0,-100.0,-100.0,-100.0,-100.0,-100.0,-100.0,-100.0
7.0,-33.45717,-31.88759,-30.259146,-28.58176,-26.835737,-25.01125,-23.078878,-21.01901,-18.792402,-100.0,-100.0,-100.0,-100.0,-100.0,-100.0,-100.0,-100.0,-100.0,-100.0,-100.0,-100.0,-100.0,-100.0,-100.0,-100.0,-100.0,-100.0,-100.0,-100.0,-100.0,-100.0,-100.0,-100.0,-100.0,-100.0,-100.0,-100.0,-100.0,-100.0,-100.0,-100.0,-100.0,-100.0,-100.0,-100.0,-100.0,-100.0,-100.0,-100.0,-100.0,-100.0
6.0,-33.16294,-31.573748,-29.935495,-28.238495,-26.472857,-24.618946,-22.657152,-20.548246,-100.0,-100.0,-100.0,-100.0,-100.0,-100.0,-100.0,-100.0,-100.0,-100.0,-100.0,-100.0,-100.0,-100.0,-100.0,-100.0,-100.0,-100.0,-100.0,-100.0,-100.0,-100.0,-100.0,-100.0,-100.0,-100.0,-100.0,-100.0,-100.0,-100.0,-100.0,-100.0,-100.0,-100.0,-100.0,-100.0,-100.0,-100.0,-100.0,-100.0,-100.0,-100.0,-100.0
5.0,-32.868713,-31.259905,-29.611845,-27.885422,-26.100168,-24.216835,-22.21581,-100.0,-100.0,-100.0,-100.0,-100.0,-100.0,-100.0,-100.0,-100.0,-100.0,-100.0,-100.0,-100.0,-100.0,-100.0,-100.0,-100.0,-100.0,-100.0,-100.0,-100.0,-100.0,-100.0,-100.0,-100.0,-100.0,-100.0,-100.0,-100.0,-100.0,-100.0,-100.0,-100.0,-100.0,-100.0,-100.0,-100.0,-100.0,-100.0,-100.0,-100.0,-100.0,-100.0,-100.0
4.0,-32.56468,-30.946062,-29.278387,-27.532349,-25.717672,-23.804916,-100.0,-100.0,-100.0,-100.0,-100.0,-100.0,-100.0,-100.0,-100.0,-100.0,-100.0,-100.0,-100.0,-100.0,-100.0,-100.0,-100.0,-100.0,-100.0,-100.0,-100.0,-100.0,-100.0,-100.0,-100.0,-100.0,-100.0,-100.0,-100.0,-100.0,-100.0,-100.0,-100.0,-100.0,-100.0,-100.0,-100.0,-100.0,-100.0,-100.0,-100.0,-100.0,-100.0,-100.0,-100.0
3.0,-32.260643,-30.63222,-28.935122,-27.179276,-25.335176,-100.0,-100.0,-100.0,-100.0,-100.0,-100.0,-100.0,-100.0,-100.0,-100.0,-100.0,-100.0,-100.0,-100.0,-100.0,-100.0,-100.0,-100.0,-100.0,-100.0,-100.0,-100.0,-100.0,-100.0,-100.0,-100.0,-100.0,-100.0,-100.0,-100.0,-100.0,-100.0,-100.0,-100.0,-100.0,-100.0,-100.0,-100.0,-100.0,-100.0,-100.0,-100.0,-100.0,-100.0,-100.0,-100.0
2.0,-31.956608,-30.308569,-28.591856,-26.816395,-100.0,-100.0,-100.0,-100.0,-100.0,-100.0,-100.0,-100.0,-100.0,-100.0,-100.0,-100.0,-100.0,-100.0,-100.0,-100.0,-100.0,-100.0,-100.0,-100.0,-100.0,-100.0,-100.0,-100.0,-100.0,-100.0,-100.0,-100.0,-100.0,-100.0,-100.0,-100.0,-100.0,-100.0,-100.0,-100.0,-100.0,-100.0,-100.0,-100.0,-100.0,-100.0,-100.0,-100.0,-100.0,-100.0,-100.0
1.0,-31.652573,-29.984919,-100.0,-100.0,-100.0,-100.0,-100.0,-100.0,-100.0,-100.0,-100.0,-100.0,-100.0,-100.0,-100.0,-100.0,-100.0,-100.0,-100.0,-100.0,-100.0,-100.0,-100.0,-100.0,-100.0,-100.0,-100.0,-100.0,-100.0,-100.0,-100.0,-100.0,-100.0,-100.0,-100.0,-100.0,-100.0,-100.0,-100.0,-100.0,-100.0,-100.0,-100.0,-100.0,-100.0,-100.0,-100.0,-100.0,-100.0,-100.0,-100.0
0.0,-100.0,-100.0,-100.0,-100.0,-100.0,-100.0,-100.0,-100.0,-100.0,-100.0,-100.0,-100.0,-100.0,-100.0,-100.0,-100.0,-100.0,-100.0,-100.0,-100.0,-100.0,-100.0,-100.0,-100.0,-100.0,-100.0,-100.0,-100.0,-100.0,-100.0,-100.0,-100.0,-100.0,-100.0,-100.0,-100.0,-100.0,-100.0,-100.0,-100.0,-100.0,-100.0,-100.0,-100.0,-100.0,-100.0,-100.0,-100.0,-100.0,-100.0,-100.0
